passenger_id,fname,lname,passport,national_id,gender,age,email,nationality
1,Jayson,Oxteby,,406-20-5361,M,48,joxteby0@clickbank.net,China
2,Jake,Eldridge,VA8002823,295-14-1360,M,65,jeldridge1@dmoz.org,Philippines
3,Alyosha,Wenderoth,JG9750796,687-93-8858,M,17,awenderoth2@nba.com,Greece
4,Myrta,Blitz,TH7544704,,F,62,mblitz3@sakura.ne.jp,China
5,Simone,Danielski,DX9073135,585-71-6268,F,59,sdanielski4@java.com,China
6,Rhodia,Galgey,FJ1626610,898-78-4913,F,55,rgalgey5@newsvine.com,Russia
7,Corbet,Steen,,,M,67,csteen6@oracle.com,China
8,Constantino,Whithalgh,KQ2344167,364-25-0189,M,65,cwhithalgh7@sfgate.com,Egypt
9,Jannel,Bernhardi,,,F,16,jbernhardi8@symantec.com,Philippines
10,Lorilee,Shaplin,CQ2471570,179-18-6775,F,57,lshaplin9@behance.net,Russia
11,Mirelle,Moorrud,QY9259287,,F,58,mmoorruda@ocn.ne.jp,Vietnam
12,Rosana,Goreisr,XI0182804,859-03-6777,F,65,rgoreisrb@g.co,China
13,Joycelin,Niland,BG8041671,192-17-5554,F,54,jnilandc@census.gov,Czech Republic
14,Phillipp,Dury,AD3456061,292-70-2391,M,61,pduryd@godaddy.com,Czech Republic
15,Tilda,Scemp,,523-36-0116,F,52,tscempe@comsenz.com,China
16,Hal,Dubber,,892-23-1593,M,65,hdubberf@yahoo.co.jp,Brazil
17,Niels,Roscher,WA7228875,162-07-9126,M,17,nroscherg@reference.com,China
18,Remus,Python,,,M,62,rpythonh@51.la,East Timor
19,Yoshi,Vallack,YA7639689,612-94-5771,F,62,yvallacki@godaddy.com,Indonesia
20,Katharyn,Bonnick,BU1317482,846-43-0438,F,67,kbonnickj@nasa.gov,Dominican Republic
21,Harriott,Ingry,VR4468932,,F,46,hingryk@apple.com,Ukraine
22,Georgeta,Heberden,,832-95-2392,F,50,gheberdenl@examiner.com,China
23,Vivyan,Semered,,154-60-4420,F,62,vsemeredm@taobao.com,United States
24,Maxwell,Sandaver,,,M,69,msandavern@list-manage.com,Pakistan
25,Grayce,Eisenberg,OV5415513,176-16-7928,F,66,geisenbergo@freewebs.com,China
26,Carline,Knighton,,,F,52,cknightonp@yahoo.co.jp,Belarus
27,Consalve,Bickers,TJ6045120,,M,63,cbickersq@jiathis.com,Norway
28,Lane,Struther,HX7385568,248-12-0526,M,41,lstrutherr@4shared.com,Canada
29,Allayne,Hedden,VR2382914,,M,35,aheddens@fotki.com,Kyrgyzstan
30,Hannie,O'Gormally,HD2067550,862-22-6319,F,53,hogormallyt@mtv.com,France
31,Petronia,Gallimore,RQ4833529,765-14-3307,F,60,pgallimoreu@apache.org,Czech Republic
32,Amara,Duro,,,F,55,adurov@phoca.cz,Thailand
33,Jeannette,Mowbury,TS1152291,202-40-0377,F,56,jmowburyw@hexun.com,China
34,Sheri,Ferebee,GN8979523,,F,60,sferebeex@pinterest.com,China
35,Idaline,Baccup,KA8409526,,F,69,ibaccupy@netscape.com,Russia
36,Grazia,Beagrie,DF1782579,133-95-2581,F,61,gbeagriez@multiply.com,China
37,Phaedra,Ovendale,,890-58-4169,F,11,povendale10@fema.gov,Germany
38,Terencio,Pedel,AT2345621,635-85-4494,M,66,tpedel11@t.co,Peru
39,Juana,Walthall,,339-43-9793,F,59,jwalthall12@tumblr.com,Madagascar
40,Leigh,Oppery,,790-46-3364,M,62,loppery13@marriott.com,Portugal
41,Daniel,Koene,FZ9234380,745-51-1803,M,61,dkoene14@oakley.com,Saudi Arabia
42,Mirella,Alaway,,213-43-1289,F,60,malaway15@tamu.edu,South Africa
43,Jsandye,Malham,SC0534578,,F,49,jmalham16@ucoz.ru,Venezuela
44,Glory,Stickings,KY8921653,391-08-8574,F,68,gstickings17@constantcontact.com,Mexico
45,Forrester,Stout,NL6714096,880-75-6089,M,64,fstout18@seesaa.net,China
46,Jackson,Deegan,YI1478808,,M,61,jdeegan19@timesonline.co.uk,France
47,Bengt,Mortell,MN3235756,506-51-1386,M,65,bmortell1a@discuz.net,United Kingdom
48,Mattias,Frunks,DB3192985,,M,68,mfrunks1b@theatlantic.com,China
49,Malanie,Dabnor,,603-91-4176,F,57,mdabnor1c@prnewswire.com,China
50,Bartram,Slowley,DT8201307,556-71-5916,M,51,bslowley1d@discuz.net,Mexico
51,Kristoffer,Pavic,JP2899816,705-68-3564,M,53,kpavic1e@rakuten.co.jp,Bulgaria
52,Francyne,Seak,AN2137107,,F,45,fseak1f@earthlink.net,China
53,Grant,Gange,ZY0331218,577-84-1232,M,67,ggange1g@paypal.com,Sweden
54,Elli,Kanzler,,189-44-2572,F,51,ekanzler1h@sogou.com,Russia
55,Adoree,Kochel,,397-27-0586,F,42,akochel1i@wikipedia.org,Mauritius
56,Margareta,Liles,XE3102657,355-20-7741,F,45,mliles1j@chronoengine.com,Poland
57,Regen,Wyborn,VE2062076,,M,15,rwyborn1k@51.la,Russia
58,Hope,Rountree,,227-35-1498,F,57,hrountree1l@dropbox.com,Russia
59,Cristi,Nerne,,,F,32,cnerne1m@yellowpages.com,Sweden
60,Valma,Parman,TG4945344,166-93-3452,F,64,vparman1n@ucoz.com,Portugal
61,Jeffie,Warlowe,MU7381425,292-94-5098,M,66,jwarlowe1o@hatena.ne.jp,Indonesia
62,Sibelle,Gerg,MX4473394,471-47-0161,F,50,sgerg1p@storify.com,France
63,Goldie,Eyam,WA3711864,411-15-2259,F,53,geyam1q@bbb.org,Venezuela
64,Alfonse,Scroggie,TJ9204914,223-39-4239,M,67,ascroggie1r@google.nl,Palestinian Territory
65,Raynell,Kiln,MC9070818,227-07-8912,F,61,rkiln1s@tuttocitta.it,Russia
66,Dante,Bolden,FI6884536,118-20-9040,M,35,dbolden1t@newsvine.com,Brazil
67,Pedro,Wandrey,QG2450609,721-17-8292,M,69,pwandrey1u@va.gov,Mauritania
68,Andriana,Hubatsch,KM0461301,309-96-7985,F,51,ahubatsch1v@myspace.com,Czech Republic
69,Kip,Romand,,440-61-3443,F,67,kromand1w@cnet.com,Portugal
70,Hannie,Grindall,,245-78-0304,F,56,hgrindall1x@dedecms.com,Czech Republic
71,Sidonnie,Cosbey,QF6468334,728-73-6955,F,61,scosbey1y@geocities.jp,Russia
72,Sharl,MacDirmid,PZ4531946,743-33-7543,F,63,smacdirmid1z@hibu.com,Colombia
73,Lorain,Annandale,JM2530959,109-63-1979,F,61,lannandale20@bluehost.com,Afghanistan
74,Dorice,Brannon,DA9744707,616-05-3530,F,35,dbrannon21@nifty.com,United States
75,Stacia,Hanssmann,LW4280087,151-12-5621,F,65,shanssmann22@etsy.com,Russia
76,Joletta,Bolderson,,140-06-1699,F,61,jbolderson23@cargocollective.com,Canada
77,Dilly,Roony,OK6342455,,M,68,droony24@omniture.com,Sweden
78,Zerk,Dobrowolny,YS1909253,232-31-2522,M,43,zdobrowolny25@toplist.cz,Philippines
79,Maris,Holtum,KE6082605,345-91-2237,F,45,mholtum26@dailymotion.com,New Zealand
80,Wyn,Kearton,FS3040021,832-34-0995,M,66,wkearton27@tamu.edu,China
81,Lyndsie,Conneau,ZU7677074,,F,58,lconneau28@europa.eu,China
82,Nevin,Binns,ZH7787156,529-60-3936,M,66,nbinns29@rakuten.co.jp,Japan
83,Marylou,Osgordby,,820-28-5416,F,46,mosgordby2a@cdbaby.com,Finland
84,Agna,Ventris,EL0921875,,F,53,aventris2b@walmart.com,Japan
85,Dylan,Kock,,,M,51,dkock2c@nature.com,Sweden
86,Audi,Rapier,,512-69-2488,F,62,arapier2d@va.gov,Russia
87,Shelden,Soffe,,886-21-1148,M,58,ssoffe2e@tamu.edu,Poland
88,Jerry,Youles,HI8874961,,F,67,jyoules2f@wsj.com,Yemen
89,Egon,Pegg,UN9966891,,M,38,epegg2g@cpanel.net,Philippines
90,Antonino,Itzkovich,AZ4467464,624-31-3444,M,63,aitzkovich2h@ovh.net,Poland
91,Jesselyn,Tack,XP6749589,823-14-4372,F,69,jtack2i@yelp.com,Argentina
92,Cissy,Spearing,PI1475289,601-51-3456,F,47,cspearing2j@princeton.edu,Portugal
93,Calhoun,Hubane,DW0244658,106-15-8530,M,58,chubane2k@unblog.fr,Portugal
94,Tucker,Myhill,,816-32-2284,M,60,tmyhill2l@comsenz.com,Sierra Leone
95,Cory,Tocknell,GC4090062,117-75-9362,F,68,ctocknell2m@yahoo.co.jp,China
96,Dalt,Pears,NJ5440909,701-89-1771,M,54,dpears2n@nhs.uk,United States
97,Bruis,Hammor,,844-18-3168,M,54,bhammor2o@blogger.com,Indonesia
98,Vikky,Mortel,WV1852417,780-75-2386,F,69,vmortel2p@craigslist.org,Italy
99,Amalie,Sappell,,222-32-5066,F,33,asappell2q@ucsd.edu,Czech Republic
100,Barn,Tice,PS7775655,,M,59,btice2r@nymag.com,China
101,Kane,Knell,OX6699619,160-60-5672,M,60,kknell2s@discovery.com,Colombia
102,Bianka,Skeldinge,JT9673251,,F,68,bskeldinge2t@businessweek.com,Italy
103,Lorilee,Zealander,,678-41-7980,F,69,lzealander2u@yandex.ru,Norway
104,Marrissa,Murden,,216-89-9393,F,21,mmurden2v@mediafire.com,Brazil
105,Andrey,Randalston,FW2356488,106-91-7795,M,64,arandalston2w@tripod.com,Ghana
106,Mohandas,Corwood,,640-66-7824,M,60,mcorwood2x@blogspot.com,China
107,Floyd,Trulock,,,M,49,ftrulock2y@unblog.fr,Peru
108,Dollie,Dench,RQ2775142,572-83-4705,F,67,ddench2z@ftc.gov,Indonesia
109,Rockey,Stanner,RB7892212,233-67-2042,M,53,rstanner30@mysql.com,Australia
110,Saunders,Mirams,GM6016871,742-62-2325,M,67,smirams31@ucoz.com,Netherlands
111,Latisha,Gilstoun,CR4273420,838-91-8153,F,57,lgilstoun32@opera.com,Brazil
112,Rudolf,Borel,,718-18-7832,M,38,rborel33@bigcartel.com,Yemen
113,Shepard,Speake,AH4047115,631-62-9346,M,55,sspeake34@sitemeter.com,Philippines
114,Arman,Alcide,AR9718985,565-20-5954,M,54,aalcide35@huffingtonpost.com,Indonesia
115,Colan,Tregona,,,M,68,ctregona36@domainmarket.com,Ukraine
116,Jedd,Hayter,,551-62-4482,M,62,jhayter37@quantcast.com,Philippines
117,Nicolais,Ripping,,733-25-1469,M,69,nripping38@posterous.com,Russia
118,Phip,Bilney,JH0684542,550-84-3519,M,60,pbilney39@weebly.com,Libya
119,Barnett,Plait,,190-26-7379,M,67,bplait3a@cloudflare.com,Armenia
120,Asher,Pikett,,295-76-9801,M,56,apikett3b@tripod.com,Cameroon
121,Karina,Jindrak,IR8616137,528-05-9932,F,63,kjindrak3c@desdev.cn,China
122,Donelle,Dunbleton,BZ5942086,,F,69,ddunbleton3d@eventbrite.com,Thailand
123,Bernadina,Richardes,YZ0881191,844-46-9346,F,63,brichardes3e@army.mil,Vietnam
124,Jamie,Westfalen,DN8148175,833-06-9846,F,54,jwestfalen3f@washington.edu,Indonesia
125,Rosalind,Ledger,IS6641193,484-49-8944,F,63,rledger3g@oracle.com,China
126,Quinlan,Kirkbride,,861-48-3581,M,60,qkirkbride3h@ask.com,Brazil
127,Steffen,Warner,NA2393649,148-21-3963,M,54,swarner3i@cmu.edu,Indonesia
128,Dorey,Harvie,FE3033316,141-81-2298,M,51,dharvie3j@exblog.jp,Indonesia
129,Norman,Albisser,,353-95-8206,M,34,nalbisser3k@elegantthemes.com,Chad
130,Rita,Arboin,GQ0724959,282-13-9455,F,63,rarboin3l@w3.org,China
131,Carlos,Hinrichsen,,445-31-0621,M,29,chinrichsen3m@cloudflare.com,Mozambique
132,Farah,Trippack,CB4757404,536-28-1735,F,43,ftrippack3n@unicef.org,Russia
133,Ewart,Asplen,BQ4546541,,M,34,easplen3o@indiegogo.com,Mongolia
134,Cosme,Tilliards,NW3100568,,M,59,ctilliards3p@imdb.com,Egypt
135,Adlai,Keith,OS5897046,313-17-5224,M,21,akeith3q@sakura.ne.jp,Indonesia
136,Rafaelita,Macieja,YE7047230,544-15-5417,F,45,rmacieja3r@wix.com,Philippines
137,Rogerio,Colvill,PL2001405,444-89-4710,M,67,rcolvill3s@histats.com,France
138,Amble,Cuffe,SG4014673,,M,68,acuffe3t@mayoclinic.com,Mauritania
139,Louis,McIlhagga,BN2652233,244-19-6226,M,46,lmcilhagga3u@npr.org,South Africa
140,Giacopo,Bracer,OJ8361068,812-09-5846,M,43,gbracer3v@ebay.co.uk,Sweden
141,Irv,Utting,PK2836337,,M,52,iutting3w@google.com.hk,Indonesia
142,Bren,Joseland,CS8735967,637-85-2569,F,42,bjoseland3x@typepad.com,Russia
143,Hetty,Shervil,US9372117,,F,68,hshervil3y@purevolume.com,Yemen
144,Roberta,Tallman,UC4764539,389-90-0623,F,59,rtallman3z@github.com,China
145,Farlie,Nano,GJ0049541,,M,66,fnano40@nhs.uk,Canada
146,Shayne,Alderman,KS4379013,501-24-1827,M,54,salderman41@wikia.com,Brazil
147,Haleigh,Lygoe,AJ1671844,590-79-5925,F,41,hlygoe42@nps.gov,China
148,Pip,Tune,,229-48-4323,M,54,ptune43@ebay.com,Indonesia
149,Dall,Ralling,,712-84-7543,M,48,dralling44@scribd.com,China
150,Emmey,Bissell,,828-94-9276,F,67,ebissell45@nbcnews.com,Thailand
151,Corenda,Beatty,IX1026390,515-37-7935,F,62,cbeatty46@time.com,France
152,Vania,Yakovich,JP3991539,801-59-1688,F,57,vyakovich47@sina.com.cn,Sweden
153,Barnaby,Desport,,245-64-9937,M,46,bdesport48@chicagotribune.com,Albania
154,Falito,Eakins,,736-77-3139,M,66,feakins49@goo.ne.jp,Nigeria
155,Leicester,Toke,FG2888903,406-80-0505,M,68,ltoke4a@cam.ac.uk,Indonesia
156,Shana,Warrior,,639-58-9264,F,33,swarrior4b@uiuc.edu,Brazil
157,Rhetta,O'Callaghan,,155-02-8071,F,64,rocallaghan4c@dell.com,Philippines
158,Nevile,Klesl,WU5082170,456-83-4372,M,52,nklesl4d@shareasale.com,South Korea
159,Giorgia,Petracchi,JF3491264,771-83-6886,F,66,gpetracchi4e@google.com.br,Nepal
160,Lynea,Stockton,,,F,67,lstockton4f@studiopress.com,China
161,Mose,Bernardo,DL6295522,315-42-5690,M,42,mbernardo4g@fc2.com,Sweden
162,Harwell,Tadlow,,225-47-0404,M,66,htadlow4h@amazon.co.jp,China
163,Hortensia,Heningam,AL9702883,527-64-3567,F,69,hheningam4i@360.cn,Poland
164,Devondra,Druhan,,,F,63,ddruhan4j@hugedomains.com,Dominican Republic
165,Dyane,Roadknight,,588-56-6652,F,57,droadknight4k@xrea.com,Poland
166,Hazlett,Ilott,SO4572125,415-56-1997,M,46,hilott4l@discovery.com,Canada
167,Chad,Riehm,,800-93-6486,M,51,criehm4m@uiuc.edu,Indonesia
168,Hakim,Capstake,,846-36-2673,M,51,hcapstake4n@friendfeed.com,Russia
169,Angela,Romanelli,,546-04-1006,F,40,aromanelli4o@timesonline.co.uk,China
170,Stanly,Leitche,XV9692219,237-80-5688,M,40,sleitche4p@scientificamerican.com,Cuba
171,Orsola,Rodd,CH1889459,844-79-4035,F,49,orodd4q@biglobe.ne.jp,Indonesia
172,Anders,Corbally,ZI1852049,,M,60,acorbally4r@altervista.org,China
173,Rica,Braim,PS7570922,,F,69,rbraim4s@i2i.jp,Ireland
174,Casey,Ickov,EK8443271,274-51-5544,F,50,cickov4t@instagram.com,Kosovo
175,Barbabas,Delyth,,586-44-0825,M,34,bdelyth4u@shareasale.com,Brazil
176,Bibi,Ambrogiotti,AJ7339145,755-43-3029,F,13,bambrogiotti4v@mozilla.org,Cameroon
177,Uri,Windram,JX2002644,499-91-1499,M,60,uwindram4w@icq.com,Serbia
178,Pascale,Shadwick,JH5751092,603-50-7000,M,44,pshadwick4x@nymag.com,Kuwait
179,Dru,Foulkes,TS3470637,104-48-7491,F,12,dfoulkes4y@nih.gov,China
180,Dallon,Buttrum,,,M,19,dbuttrum4z@wufoo.com,Czech Republic
181,Dominique,Cursey,CM8259190,504-93-0286,F,65,dcursey50@dell.com,United States
182,Helaine,Skures,TG6477943,,F,61,hskures51@123-reg.co.uk,Indonesia
183,Jilleen,Downham,HZ6473468,,F,37,jdownham52@webs.com,China
184,Husein,Wigley,ZA1603703,201-29-4638,M,47,hwigley53@sourceforge.net,Croatia
185,Constantina,Dorre,ED7592000,476-88-7667,F,66,cdorre54@about.com,Colombia
186,Wylie,Lathee,,632-88-2354,M,66,wlathee55@lycos.com,Equatorial Guinea
187,Hamish,Warkup,FQ9013337,498-86-2548,M,63,hwarkup56@fema.gov,Philippines
188,Barbabra,Kosiada,,310-99-7415,F,43,bkosiada57@csmonitor.com,Mozambique
189,Basia,Grote,PE9642849,727-17-7089,F,62,bgrote58@hao123.com,Russia
190,Flinn,Crutchley,CJ9892964,380-95-5690,M,12,fcrutchley59@biblegateway.com,Japan
191,Chip,Riveles,AI7275771,151-80-4096,M,50,criveles5a@engadget.com,Czech Republic
192,Sean,Oade,DV6019028,105-11-2813,F,63,soade5b@squidoo.com,Greece
193,Consolata,Compford,US5258089,219-97-8716,F,47,ccompford5c@cdc.gov,China
194,Etienne,Carnalan,,737-29-0222,M,60,ecarnalan5d@utexas.edu,Indonesia
195,Ursula,Danielian,PM2364952,523-27-1169,F,68,udanielian5e@whitehouse.gov,Indonesia
196,Agnella,Wasiel,AD5711125,,F,50,awasiel5f@state.tx.us,Palestinian Territory
197,Sigismond,Brownsett,,734-37-1730,M,66,sbrownsett5g@sitemeter.com,France
198,Brad,Igounet,FB9291606,398-90-9742,M,67,bigounet5h@state.gov,Ireland
199,Solly,Ottosen,XH9713734,624-63-9337,M,61,sottosen5i@google.de,Nigeria
200,Spencer,Gibbens,DB5689995,119-22-9957,M,69,sgibbens5j@ucla.edu,China
201,Humberto,Bithell,VA3783550,850-38-4691,M,66,hbithell5k@toplist.cz,Albania
202,Court,Symones,,874-65-1726,M,69,csymones5l@hud.gov,Colombia
203,Tersina,Clayhill,,,F,67,tclayhill5m@weebly.com,China
204,Kerr,Iacomi,ZR0371154,,M,57,kiacomi5n@ask.com,China
205,Desi,Ewington,DO4365834,,M,53,dewington5o@latimes.com,Greece
206,Carling,Coffey,FL0121939,816-23-1636,M,62,ccoffey5p@slashdot.org,Peru
207,Mayer,Georgins,HE7783285,657-12-3809,M,68,mgeorgins5q@samsung.com,Japan
208,Aprilette,Kiljan,YZ5505933,689-23-5174,F,59,akiljan5r@theguardian.com,Ukraine
209,Boothe,Tweede,KN2191556,618-29-3183,M,55,btweede5s@behance.net,Brazil
210,Desmond,Amorts,QB7196291,219-56-3459,M,61,damorts5t@amazon.co.jp,Russia
211,Felice,Smuth,EG2317141,278-70-0204,F,60,fsmuth5u@topsy.com,Indonesia
212,Ward,Severns,PK8635939,761-85-7989,M,69,wseverns5v@newsvine.com,Iran
213,Alika,Crowe,JL8640648,567-43-2939,F,47,acrowe5w@imgur.com,Poland
214,Ragnar,Kibblewhite,NT7163484,520-55-6204,M,65,rkibblewhite5x@constantcontact.com,Indonesia
215,Kim,Croy,JQ4210311,404-66-6100,M,60,kcroy5y@scientificamerican.com,Indonesia
216,Freeland,Forsyde,,467-42-0590,M,40,fforsyde5z@linkedin.com,Indonesia
217,Cob,McFaul,,571-34-3481,M,61,cmcfaul60@examiner.com,China
218,Phillipp,Tomlett,,189-24-6810,M,17,ptomlett61@wikia.com,Indonesia
219,Yalonda,Erasmus,ZD5558804,,F,65,yerasmus62@nature.com,Peru
220,Hermon,Ozintsev,,687-36-9644,M,65,hozintsev63@slate.com,Mexico
221,Boothe,Beeton,DV0563901,557-78-0962,M,64,bbeeton64@comcast.net,China
222,Emylee,Pighills,,,F,25,epighills65@is.gd,France
223,Antonio,McMenamy,FV3945704,836-99-2825,M,67,amcmenamy66@si.edu,Russia
224,Lucia,Sexstone,,,F,60,lsexstone67@stumbleupon.com,Philippines
225,Blisse,Mell,LG6323934,636-42-9914,F,63,bmell68@mlb.com,France
226,Constantino,Frayn,OG7848446,425-39-1992,M,20,cfrayn69@kickstarter.com,Russia
227,Taber,Lilford,SF3251895,192-25-9901,M,64,tlilford6a@wikia.com,Peru
228,Kelsey,Thurston,FJ2254008,450-27-0275,M,55,kthurston6b@squidoo.com,Ireland
229,Saloma,Donaway,AZ2047195,350-61-3413,F,54,sdonaway6c@oracle.com,Brazil
230,Eugenius,Legrand,EV5088144,838-66-4805,M,50,elegrand6d@prlog.org,Croatia
231,Carri,Egre,BE1719753,326-29-8609,F,38,cegre6e@uiuc.edu,Indonesia
232,Koren,McCourtie,GJ3322728,683-25-3074,F,69,kmccourtie6f@quantcast.com,Philippines
233,Sheridan,Allcoat,DB4397363,448-32-7196,M,61,sallcoat6g@youtube.com,Indonesia
234,Sheelagh,Wickenden,CT9877665,,F,49,swickenden6h@tinypic.com,Czech Republic
235,Maire,Kenchington,MG2229694,458-04-0815,F,28,mkenchington6i@ftc.gov,Spain
236,Melitta,Camois,ED5807934,858-29-6009,F,64,mcamois6j@nydailynews.com,China
237,Elwood,Bowcher,DV6483193,396-65-4747,M,62,ebowcher6k@sciencedaily.com,China
238,Brigit,Barstowk,,304-51-9610,F,63,bbarstowk6l@github.io,Brazil
239,Bel,Wilacot,QE4703650,172-93-4168,F,60,bwilacot6m@ucsd.edu,China
240,Lefty,Wagner,JF4166033,146-30-5613,M,44,lwagner6n@furl.net,Czech Republic
241,Jocko,Conradie,,724-39-4506,M,11,jconradie6o@dropbox.com,Ireland
242,Kiley,Malthouse,FK4220536,172-14-0147,M,51,kmalthouse6p@exblog.jp,Portugal
243,Adora,Kuhndel,,584-08-2327,F,57,akuhndel6q@indiatimes.com,Vietnam
244,Saloma,Mansell,,595-71-5616,F,66,smansell6r@slate.com,Indonesia
245,Bethina,Wynne,FV2643607,,F,19,bwynne6s@smugmug.com,France
246,Latrina,O'Rowane,FT9600312,152-38-8359,F,36,lorowane6t@linkedin.com,China
247,Tobi,Fortnum,MX1257612,502-50-3099,F,56,tfortnum6u@si.edu,Malaysia
248,Giacobo,Teggin,,372-41-6055,M,29,gteggin6v@hud.gov,Kazakhstan
249,Judith,Bridgett,,792-19-9759,F,66,jbridgett6w@nbcnews.com,Sudan
250,Ginny,Bernocchi,JD8355825,256-86-1969,F,68,gbernocchi6x@lycos.com,Tunisia
251,Bastien,Shortall,RM3687817,225-26-2946,M,51,bshortall6y@google.it,Benin
252,Frankie,Rubinowicz,VC2901443,,M,62,frubinowicz6z@tumblr.com,Ukraine
253,Tammie,Berceros,QY6687849,460-73-7174,F,57,tberceros70@google.co.jp,Russia
254,Aldon,Offener,SV5248292,880-17-1723,M,69,aoffener71@guardian.co.uk,Russia
255,Irina,Aikett,,378-93-9990,F,41,iaikett72@mayoclinic.com,Uzbekistan
256,Windy,Wainscoat,BV6724770,575-13-7326,F,30,wwainscoat73@whitehouse.gov,Honduras
257,Kaleb,Swire,JY3201264,522-62-5231,M,45,kswire74@rambler.ru,Luxembourg
258,Staford,Colebourne,YW2698464,572-93-0751,M,49,scolebourne75@nsw.gov.au,Philippines
259,Gracia,Rochester,OL0399744,328-64-5611,F,61,grochester76@networksolutions.com,Ukraine
260,Aeriel,Aimson,,,F,32,aaimson77@dailymail.co.uk,Indonesia
261,Briant,Gyppes,,444-50-6180,M,67,bgyppes78@cocolog-nifty.com,Colombia
262,Vite,Pellatt,WU5240863,325-22-3130,M,65,vpellatt79@bloglovin.com,Brazil
263,Hussein,Maynard,EZ3166294,682-89-3236,M,65,hmaynard7a@reddit.com,Portugal
264,Alaine,Naire,UZ4397208,264-13-4143,F,53,anaire7b@typepad.com,China
265,Orland,Daniau,QX5960950,,M,51,odaniau7c@zimbio.com,Djibouti
266,Yanaton,Wrankmore,ZJ9877994,,M,61,ywrankmore7d@whitehouse.gov,China
267,Lawton,Tadd,ZO2731389,454-40-7696,M,18,ltadd7e@google.ru,Russia
268,Heidi,Spinello,GL2300555,591-49-3410,F,57,hspinello7f@reverbnation.com,China
269,Pace,Tolmie,BQ9757560,184-58-2586,M,32,ptolmie7g@sakura.ne.jp,Czech Republic
270,Lek,Watson,ID3390043,611-34-1641,M,59,lwatson7h@zimbio.com,Uruguay
271,Rubin,Thurman,,422-70-8153,M,67,rthurman7i@goo.ne.jp,China
272,Cris,Luthwood,JQ1573264,852-70-9897,M,64,cluthwood7j@noaa.gov,Czech Republic
273,Fax,O'Caine,EX1416004,,M,63,focaine7k@tripod.com,United Kingdom
274,Dory,Llopis,,699-78-4710,M,51,dllopis7l@last.fm,Netherlands
275,Stephine,Pimerick,,811-13-1378,F,69,spimerick7m@i2i.jp,France
276,Katti,Kolin,VF7024137,847-66-3976,F,47,kkolin7n@360.cn,Tanzania
277,Aile,Valentelli,LB0198661,798-34-5579,F,54,avalentelli7o@hud.gov,China
278,Liza,Spinetti,HM5053684,526-62-2181,F,64,lspinetti7p@yellowpages.com,China
279,Bertrand,Yendle,YC0018997,224-94-7629,M,66,byendle7q@chronoengine.com,Sweden
280,Zonnya,Halford,WG1400460,695-39-6736,F,58,zhalford7r@usatoday.com,Portugal
281,Brade,Deniske,PL3473917,497-93-5431,M,52,bdeniske7s@feedburner.com,China
282,Estevan,Martindale,SA2154859,,M,51,emartindale7t@weather.com,Poland
283,Sanderson,Rosenfelt,TS3497279,,M,61,srosenfelt7u@4shared.com,Portugal
284,Josefa,Blanchard,MI3623038,,F,43,jblanchard7v@hexun.com,China
285,Tabitha,Fitt,,865-73-7699,F,59,tfitt7w@weather.com,Argentina
286,Ad,Ludwig,DY9543847,384-21-0285,M,60,aludwig7x@pen.io,China
287,Horatio,Coxall,RM3935492,131-47-6445,M,65,hcoxall7y@dailymail.co.uk,Indonesia
288,Coralie,Pennacci,IV9951807,,F,47,cpennacci7z@craigslist.org,Croatia
289,Collete,Lamke,,720-08-6201,F,59,clamke80@rakuten.co.jp,Czech Republic
290,Yehudi,Linney,HL9876172,645-83-2372,M,52,ylinney81@salon.com,Indonesia
291,Penelope,Hanburry,,132-94-9300,F,68,phanburry82@yellowpages.com,Vietnam
292,Ollie,Follit,,301-93-4420,F,68,ofollit83@columbia.edu,Peru
293,Nicoli,Oakes,TZ8647639,743-06-0615,F,68,noakes84@jalbum.net,Philippines
294,Gawain,Erridge,JN1435318,894-26-0670,M,50,gerridge85@cisco.com,Russia
295,Anet,Spurden,,,F,39,aspurden86@people.com.cn,China
296,Merwin,MacGillavery,GM1022596,717-80-7242,M,31,mmacgillavery87@typepad.com,Czech Republic
297,Abram,Grevile,,,M,63,agrevile88@latimes.com,Poland
298,Niccolo,Snibson,PQ1373951,311-34-3005,M,64,nsnibson89@bloglovin.com,Liechtenstein
299,Boyd,D'Ugo,SG6520820,598-87-6268,M,18,bdugo8a@pen.io,Philippines
300,Kate,Butterly,KC6953751,785-63-2388,F,60,kbutterly8b@wikimedia.org,Ireland
301,Lindie,Gronowe,,673-47-5494,F,62,lgronowe8c@cnet.com,Indonesia
302,Tamra,Courtier,BX2319882,,F,52,tcourtier8d@creativecommons.org,Russia
303,Kipper,Merwood,HI3883727,739-84-9294,M,60,kmerwood8e@blog.com,Russia
304,Ingemar,Bartoszinski,GW7780461,223-23-0585,M,59,ibartoszinski8f@nationalgeographic.com,Russia
305,Gilligan,Laugheran,NM2168172,,F,44,glaugheran8g@chronoengine.com,Finland
306,Kass,Godding,JK9269215,298-43-3069,F,69,kgodding8h@abc.net.au,Russia
307,Skippie,Zimmerman,XP3964864,,M,52,szimmerman8i@hp.com,Sweden
308,Midge,Housaman,SR6064211,187-66-3669,F,59,mhousaman8j@jigsy.com,Indonesia
309,Susy,Guerner,WF7464109,760-93-7321,F,52,sguerner8k@washingtonpost.com,Russia
310,Kayle,Backler,BR0728074,343-77-6454,F,55,kbackler8l@sourceforge.net,Philippines
311,Gaelan,Prate,EI9294545,838-57-3582,M,64,gprate8m@omniture.com,Ethiopia
312,Kermy,Cadagan,JV4402680,886-77-7181,M,67,kcadagan8n@walmart.com,China
313,Winnah,Udie,KB4756314,289-03-3551,F,62,wudie8o@ebay.com,Portugal
314,Fraser,Kilfedder,,,M,65,fkilfedder8p@github.io,Brazil
315,Ailee,Tethcote,,,F,54,atethcote8q@squidoo.com,United States
316,Danice,Yearron,OT8913626,725-37-6946,F,67,dyearron8r@myspace.com,China
317,Oren,Girth,VX3478540,158-34-8057,M,58,ogirth8s@thetimes.co.uk,Indonesia
318,Taffy,Trowsdall,,647-42-4251,F,56,ttrowsdall8t@biglobe.ne.jp,France
319,Chastity,Iron,,,F,43,ciron8u@craigslist.org,Indonesia
320,Annaliese,Guiducci,OW7635983,631-69-7924,F,56,aguiducci8v@si.edu,Brazil
321,Mandie,Dedney,,384-65-8660,F,64,mdedney8w@yolasite.com,Indonesia
322,Kimberley,Drexel,,358-20-0634,F,53,kdrexel8x@dropbox.com,Brazil
323,Bradney,Le Franc,BQ7638661,113-92-6645,M,34,blefranc8y@spiegel.de,Dominican Republic
324,Reeta,Yell,,558-26-7866,F,65,ryell8z@wired.com,United States
325,Lillian,Scammonden,AE6858465,,F,27,lscammonden90@alibaba.com,Indonesia
326,Ginger,Costy,BX0982322,835-88-3001,F,45,gcosty91@t-online.de,France
327,Pietrek,Arlow,,808-31-7041,M,58,parlow92@wsj.com,China
328,Raven,Blundin,TU8966633,288-28-6168,F,63,rblundin93@pagesperso-orange.fr,Russia
329,Bambie,Kliemann,XO5273033,,F,60,bkliemann94@discuz.net,Bosnia and Herzegovina
330,Margi,Digan,BR2438743,289-21-6277,F,46,mdigan95@addtoany.com,Martinique
331,Tonie,Studman,,645-97-3935,F,63,tstudman96@paypal.com,Yemen
332,Demetris,Kubach,,196-09-5499,F,60,dkubach97@360.cn,Mexico
333,Selma,Lowman,,592-76-4653,F,50,slowman98@newyorker.com,Indonesia
334,Gabriella,Galley,HY7163440,232-53-8371,F,54,ggalley99@redcross.org,China
335,Jenda,Pays,,470-78-3684,F,62,jpays9a@admin.ch,Netherlands
336,Kelsey,Frow,AR9182979,451-80-5242,F,38,kfrow9b@ca.gov,China
337,Hill,McCallion,ML1445048,831-62-7223,M,37,hmccallion9c@bloomberg.com,China
338,Otha,MacBain,RE6142772,878-84-7893,F,52,omacbain9d@mayoclinic.com,Japan
339,Arda,Fantini,VT5978415,247-82-4215,F,58,afantini9e@mayoclinic.com,Russia
340,Benedikta,Pietersma,ZE0666217,232-47-3443,F,64,bpietersma9f@webeden.co.uk,Indonesia
341,Jethro,Arntzen,AW1202500,735-10-0739,M,58,jarntzen9g@weibo.com,Indonesia
342,Lindie,Bail,XC6803891,,F,54,lbail9h@typepad.com,Russia
343,Phylis,Cranmor,UE6226453,347-59-3919,F,67,pcranmor9i@theguardian.com,Russia
344,Linnea,Goscar,WH0110700,313-94-6470,F,65,lgoscar9j@hugedomains.com,China
345,Ailey,Janatka,PT0900096,287-14-3806,F,50,ajanatka9k@fc2.com,Croatia
346,Buddy,Francesconi,BP7309338,463-05-2447,M,64,bfrancesconi9l@admin.ch,Yemen
347,Tamarra,Mardling,XO3285168,558-90-4392,F,64,tmardling9m@rediff.com,Indonesia
348,Sheela,Fursland,VK7534099,384-14-4722,F,36,sfursland9n@sourceforge.net,Indonesia
349,Darsey,Huckell,,,F,39,dhuckell9o@statcounter.com,Indonesia
350,Linnet,Asher,YT8549303,,F,41,lasher9p@stumbleupon.com,Philippines
351,Feodor,Torrie,FR8015515,229-18-8975,M,64,ftorrie9q@loc.gov,China
352,Graham,Madgwick,QY8457830,335-09-9079,M,68,gmadgwick9r@discuz.net,Kazakhstan
353,Elihu,Zanazzi,SL7017829,673-92-0884,M,62,ezanazzi9s@qq.com,Canada
354,Cass,Paik,JS0982223,644-18-7326,M,67,cpaik9t@bbb.org,Honduras
355,Jessica,Standage,,,F,64,jstandage9u@google.ru,Chile
356,Panchito,Paur,,391-12-3255,M,46,ppaur9v@ft.com,Azerbaijan
357,Arabele,Selburn,UO7471250,,F,64,aselburn9w@mediafire.com,Canada
358,Thaddus,Gitthouse,VY9730335,324-59-2969,M,28,tgitthouse9x@soundcloud.com,Ukraine
359,Kingston,Schuh,TN6592528,473-80-5669,M,45,kschuh9y@mapy.cz,China
360,Renie,Benedito,CH5181327,795-46-6849,F,54,rbenedito9z@mit.edu,Philippines
361,Abrahan,Friday,QH2121882,837-77-5420,M,46,afridaya0@ifeng.com,Russia
362,Claiborn,Clemmow,QZ8535969,515-77-2498,M,61,cclemmowa1@businesswire.com,Philippines
363,Hugh,Bollis,,751-45-4719,M,55,hbollisa2@ted.com,Reunion
364,Matteo,Cordon,AT8870276,491-38-8281,M,69,mcordona3@independent.co.uk,Uganda
365,Ilyssa,Baines,,,F,61,ibainesa4@networkadvertising.org,Madagascar
366,Silvanus,Frohock,HM3512106,,M,62,sfrohocka5@kickstarter.com,Ecuador
367,Wilhelmine,Skillicorn,LW6108282,240-11-9163,F,69,wskillicorna6@bbc.co.uk,Finland
368,Oliver,Meineking,JC1561534,800-47-5081,M,67,omeinekinga7@shinystat.com,China
369,Domenico,Outhwaite,,,M,68,douthwaitea8@cdbaby.com,China
370,Alla,Hardeman,,,F,24,ahardemana9@slideshare.net,China
371,Ted,Elson,JF3289490,627-79-8711,M,63,telsonaa@java.com,Japan
372,Dukie,Krebs,,771-55-6869,M,50,dkrebsab@hao123.com,Indonesia
373,Isahella,Marchetti,,320-40-5454,F,53,imarchettiac@aboutads.info,France
374,Mel,Darkin,CW6426300,766-72-2035,M,20,mdarkinad@yolasite.com,Indonesia
375,Cristie,Danis,LE4378484,476-47-1218,F,63,cdanisae@artisteer.com,Georgia
376,Harley,Styant,JQ9262681,,M,14,hstyantaf@com.com,Portugal
377,Corine,MacNair,MO7791628,816-52-3906,F,65,cmacnairag@mac.com,Portugal
378,Shalom,Malicki,DS5705448,396-56-3335,M,44,smalickiah@businesswire.com,Indonesia
379,Way,Deeming,,867-77-5538,M,62,wdeemingai@chronoengine.com,New Zealand
380,Sidney,Riddock,MA0137560,642-98-6169,M,61,sriddockaj@spotify.com,China
381,Filbert,Leaning,SI7131332,278-94-0276,M,63,fleaningak@360.cn,Philippines
382,Bran,Greet,,,M,69,bgreetal@arizona.edu,Cyprus
383,Staffard,Duddin,XS8008821,,M,66,sduddinam@spiegel.de,China
384,Gianna,Cornelissen,WM9844030,811-04-3738,F,52,gcornelissenan@cmu.edu,Cambodia
385,Madelyn,Lingner,FL4682481,,F,51,mlingnerao@statcounter.com,Honduras
386,Ferdy,Pepi,DS7946573,314-80-1889,M,23,fpepiap@discuz.net,China
387,Gloriane,Elmar,LD2838368,466-74-5662,F,47,gelmaraq@va.gov,Poland
388,Audrye,Coultass,XA3804493,759-35-0888,F,63,acoultassar@networkadvertising.org,Cameroon
389,Zoe,Moreman,MW3318980,643-20-4890,F,69,zmoremanas@va.gov,Mexico
390,Preston,Bestwall,WI6803345,119-21-1316,M,66,pbestwallat@amazon.co.uk,Sweden
391,Daron,Eingerfield,NK3005657,202-52-7375,M,26,deingerfieldau@nih.gov,China
392,Matti,Strelitzer,VA2611895,626-47-4450,F,69,mstrelitzerav@redcross.org,Philippines
393,Nerita,Bennike,,839-01-7183,F,62,nbennikeaw@yandex.ru,China
394,Alano,Pellingar,,,M,32,apellingarax@wix.com,Sweden
395,Caitlin,Sterndale,NP8198373,808-85-1750,F,31,csterndaleay@flickr.com,Brazil
396,Franciska,Pickaver,,328-13-1391,F,63,fpickaveraz@ebay.co.uk,Thailand
397,Thibaut,Hibling,YC1795928,,M,60,thiblingb0@yolasite.com,Mexico
398,Fanya,Ticksall,,781-12-4167,F,68,fticksallb1@bing.com,Lithuania
399,Letta,Bartosiak,,808-14-4437,F,13,lbartosiakb2@timesonline.co.uk,Peru
400,Beatrix,Becconsall,ZD9431035,107-37-2899,F,64,bbecconsallb3@seattletimes.com,Ukraine
401,Jolynn,Dewi,,445-28-2827,F,66,jdewib4@mashable.com,Nigeria
402,Gib,Belchem,,155-16-8352,M,66,gbelchemb5@narod.ru,Canada
403,Valera,Fausch,,888-10-8155,F,60,vfauschb6@ifeng.com,Philippines
404,Sigrid,Westwell,PA9778199,565-59-5566,F,68,swestwellb7@digg.com,Russia
405,Tammy,Dunston,LO1937846,812-93-0391,F,34,tdunstonb8@toplist.cz,Guadeloupe
406,Geoffrey,Gibbins,ZQ4086870,184-92-2151,M,12,ggibbinsb9@indiatimes.com,China
407,Roarke,Bedbrough,TX5250799,475-55-6203,M,57,rbedbroughba@whitehouse.gov,Brazil
408,Sonnie,Phillips,BS2270463,780-13-3467,M,69,sphillipsbb@aol.com,Vietnam
409,Englebert,Lerway,,316-88-3148,M,62,elerwaybc@tuttocitta.it,China
410,Gordie,Biggam,,155-54-4220,M,67,gbiggambd@oracle.com,Thailand
411,Chlo,Micklewright,XD3352376,432-27-3616,F,62,cmicklewrightbe@yellowbook.com,Thailand
412,Tom,Scrine,,,M,63,tscrinebf@stanford.edu,Palestinian Territory
413,Yorgo,Perroni,QM2329194,550-46-2213,M,50,yperronibg@eepurl.com,Poland
414,Rebe,Yarnold,CB5663578,170-26-5025,F,65,ryarnoldbh@slate.com,Brazil
415,Kirsteni,D'eye,,750-25-8381,F,66,kdeyebi@dyndns.org,Myanmar
416,Shaina,Joder,VL9062627,258-99-6751,F,66,sjoderbj@mayoclinic.com,China
417,Jaimie,Bleas,CT8203191,,F,52,jbleasbk@1und1.de,Japan
418,Nanny,Skippen,,756-15-7900,F,65,nskippenbl@boston.com,France
419,Rozele,Minter,IY7495086,857-01-4943,F,59,rminterbm@washington.edu,Russia
420,Hamnet,Hambleton,GE6779637,,M,67,hhambletonbn@google.com.br,Malaysia
421,Virgilio,Brackenbury,SC2811685,558-36-8041,M,32,vbrackenburybo@fastcompany.com,Russia
422,Leif,Birtonshaw,BE9819576,,M,66,lbirtonshawbp@youku.com,China
423,Gayle,Hitcham,DM3891297,449-66-8098,M,64,ghitchambq@weather.com,Norway
424,Barry,Allmark,QM9982220,,M,42,ballmarkbr@vistaprint.com,Nigeria
425,Raquela,Bingall,,111-89-1752,F,66,rbingallbs@printfriendly.com,Swaziland
426,Hilde,Clapshaw,,574-98-8429,F,23,hclapshawbt@fda.gov,China
427,Arne,Mocquer,DN4423752,475-62-1714,M,51,amocquerbu@prweb.com,China
428,Mattias,Hartnup,SV8012719,282-76-2947,M,63,mhartnupbv@themeforest.net,Botswana
429,Lefty,Nasi,FK3621787,786-61-0510,M,61,lnasibw@answers.com,Sweden
430,Pearle,Bonass,,600-34-4842,F,57,pbonassbx@blinklist.com,Bosnia and Herzegovina
431,Ogdon,Gethins,AX7810568,421-82-9886,M,53,ogethinsby@bbc.co.uk,France
432,Valentijn,Snasel,,,M,64,vsnaselbz@canalblog.com,Czech Republic
433,Urbanus,Plester,VZ8970535,450-13-9365,M,64,uplesterc0@rakuten.co.jp,Cuba
434,Pip,Elderbrant,,397-02-0886,M,62,pelderbrantc1@surveymonkey.com,Philippines
435,Irina,McKim,IY1026129,121-50-5623,F,62,imckimc2@google.cn,China
436,Brig,Garlant,AM6345315,773-21-4608,M,53,bgarlantc3@mediafire.com,Serbia
437,Priscella,Bedlington,EB1116189,,F,52,pbedlingtonc4@xinhuanet.com,Colombia
438,Samuel,Linggard,,314-91-4948,M,64,slinggardc5@toplist.cz,Bulgaria
439,Coral,Tomashov,FW2231348,418-17-8081,F,69,ctomashovc6@spiegel.de,Portugal
440,Butch,Brevitt,MX6269835,362-36-0776,M,66,bbrevittc7@youtube.com,Oman
441,Benedick,Frichley,SP7669831,645-80-1115,M,54,bfrichleyc8@shutterfly.com,Russia
442,Kip,MacGinlay,,154-91-5402,M,59,kmacginlayc9@businesswire.com,Panama
443,Loutitia,Hanford,RV6914768,750-46-3128,F,15,lhanfordca@auda.org.au,Russia
444,Sandor,Sterke,,762-24-5798,M,39,ssterkecb@cisco.com,Indonesia
445,Jillian,Allso,,203-50-6029,F,46,jallsocc@miibeian.gov.cn,Indonesia
446,Ruth,Jozefiak,DB3898586,338-11-2027,F,60,rjozefiakcd@nymag.com,Brazil
447,Daffy,Murrhaupt,,491-33-9687,F,61,dmurrhauptce@wunderground.com,Czech Republic
448,Ivette,Petz,GW6793131,125-48-5457,F,67,ipetzcf@businesswire.com,Indonesia
449,Klarrisa,Zannutti,QI4712305,668-89-0340,F,50,kzannutticg@unc.edu,Indonesia
450,Rebe,O'Mara,,796-04-2516,F,69,romarach@ebay.com,Philippines
451,Norbie,Liddle,PG4003523,640-47-2980,M,64,nliddleci@gravatar.com,Japan
452,Frieda,Garrat,BC7452649,854-87-8139,F,45,fgarratcj@dagondesign.com,Egypt
453,Brnaby,Jobbins,NF0633632,702-23-3506,M,58,bjobbinsck@omniture.com,Tanzania
454,Kimberlee,Haller,,897-86-5752,F,56,khallercl@tinypic.com,France
455,Fons,A'field,,317-79-8772,M,64,fafieldcm@elegantthemes.com,Brazil
456,Karee,Ellit,JQ5182227,117-95-4323,F,45,kellitcn@feedburner.com,China
457,Neile,Hambrick,DN8556572,352-05-9391,F,69,nhambrickco@wordpress.org,Vietnam
458,Adelind,Wigsell,KA7053888,403-20-2347,F,52,awigsellcp@latimes.com,France
459,Carline,Gibling,,258-49-7341,F,54,cgiblingcq@amazonaws.com,Portugal
460,Brockie,Waeland,FH5403033,414-59-6689,M,64,bwaelandcr@epa.gov,Namibia
461,Dorie,Yuryev,UX8024374,,F,24,dyuryevcs@va.gov,Japan
462,Yvor,Van der Beken,VO8236823,533-94-7175,M,62,yvanderbekenct@springer.com,Argentina
463,Jandy,Pile,VW6075504,,F,69,jpilecu@posterous.com,Latvia
464,Lammond,Brimble,WI7403218,,M,36,lbrimblecv@shop-pro.jp,Portugal
465,Rebecka,Fantini,,186-02-4901,F,47,rfantinicw@examiner.com,Indonesia
466,Marjory,Yurlov,TN1804980,482-87-7676,F,64,myurlovcx@sakura.ne.jp,Brazil
467,Cory,Casaccio,XU2025772,,M,51,ccasacciocy@nba.com,Japan
468,Teirtza,Sprowson,JB6740080,775-55-3297,F,66,tsprowsoncz@t.co,Philippines
469,Amanda,Brandi,JD9214616,202-39-3613,F,63,abrandid0@rakuten.co.jp,China
470,Neala,Filov,PO8626071,378-71-6559,F,65,nfilovd1@ed.gov,Iran
471,Fleurette,Desseine,LT9512425,338-58-8106,F,53,fdesseined2@de.vu,Gambia
472,Daisy,Muslim,YD9255206,562-68-8704,F,62,dmuslimd3@jiathis.com,United States
473,Alicia,Flinders,HM4775517,745-42-7365,F,47,aflindersd4@spotify.com,Brazil
474,Sonnie,Clemon,VN6113337,656-44-6904,F,32,sclemond5@is.gd,China
475,Frannie,Collop,YW5043691,,F,31,fcollopd6@fastcompany.com,Thailand
476,Rebekah,Shimmans,PY0712674,,F,39,rshimmansd7@over-blog.com,United States
477,Taddeo,MacDunlevy,EP4354547,430-19-3921,M,65,tmacdunlevyd8@cafepress.com,Indonesia
478,Simone,Vidler,,276-44-7624,F,59,svidlerd9@cyberchimps.com,Russia
479,Ree,Tompkins,ML7932708,,F,47,rtompkinsda@123-reg.co.uk,Philippines
480,Meyer,Keuntje,,763-46-0902,M,29,mkeuntjedb@unicef.org,Indonesia
481,Ingeborg,Hryniewicki,FC4043212,827-71-1599,F,61,ihryniewickidc@a8.net,Dominican Republic
482,Andris,Huyche,HI5648858,663-39-7776,M,27,ahuychedd@bbc.co.uk,Armenia
483,Cam,Phillpotts,,640-58-8751,M,45,cphillpottsde@auda.org.au,Indonesia
484,Eric,Suddaby,MR5624313,,M,48,esuddabydf@netscape.com,Mauritius
485,Harold,Summerhayes,,,M,66,hsummerhayesdg@bloglovin.com,Indonesia
486,Selby,Tranfield,QW6697374,244-57-7778,M,62,stranfielddh@oracle.com,Israel
487,Annnora,Ratnege,FX3038995,567-25-6997,F,68,aratnegedi@nytimes.com,Brazil
488,Baxie,Esson,,436-16-6663,M,66,bessondj@parallels.com,Mexico
489,Esther,Hanton,NA8547446,393-92-5264,F,11,ehantondk@youtube.com,Mexico
490,Will,Bernat,ZK0005221,490-34-8069,M,56,wbernatdl@shinystat.com,Indonesia
491,Joshuah,Hainey`,AF5960723,840-56-3618,M,68,jhaineydm@netlog.com,Norway
492,Obidiah,Burds,VF4982478,645-59-8623,M,44,oburdsdn@bbb.org,Serbia
493,Sheila,Vanyushin,IX2591659,701-05-3741,F,69,svanyushindo@timesonline.co.uk,Syria
494,Jason,Kinzel,ZQ1816083,,M,58,jkinzeldp@uol.com.br,Poland
495,Bron,Stonebanks,UD6611261,141-23-5100,M,65,bstonebanksdq@wunderground.com,Estonia
496,Gregorio,Weare,DC8484793,538-74-8300,M,66,gwearedr@salon.com,Indonesia
497,Crissy,Kuhwald,UW4909580,812-12-6734,F,64,ckuhwaldds@vk.com,Mexico
498,Les,Praundl,ZW7588959,,M,14,lpraundldt@skyrock.com,China
499,Wash,Pimblett,XG0880339,,M,35,wpimblettdu@pbs.org,Mongolia
500,Celestine,Woofenden,SC3267164,,F,62,cwoofendendv@google.com.hk,Argentina
501,Farrell,Dommerque,ED2195950,,M,53,fdommerquedw@cyberchimps.com,Indonesia
502,Miguela,Mattacks,RB7330324,363-81-0273,F,69,mmattacksdx@mac.com,United States
503,Aurea,Mellmoth,XO0380605,700-55-9913,F,64,amellmothdy@bing.com,Greece
504,Hart,Kilgannon,ZN5929628,167-16-2656,M,17,hkilgannondz@sitemeter.com,Ukraine
505,Thurston,Sandaver,,560-24-6154,M,65,tsandavere0@discovery.com,Zimbabwe
506,Ortensia,Leathard,YZ2916216,839-45-3287,F,69,oleatharde1@issuu.com,Indonesia
507,Otto,Membry,AE1790537,465-36-1503,M,58,omembrye2@weebly.com,Brazil
508,Nero,Jackett,GU8096581,226-29-9184,M,37,njackette3@sourceforge.net,United States
509,Meier,Collyear,,420-08-3015,M,64,mcollyeare4@hostgator.com,Russia
510,Roxane,Rome,IM8636601,215-48-5703,F,58,rromee5@dmoz.org,Russia
511,Kimball,Canto,JC3228204,627-05-3809,M,62,kcantoe6@jigsy.com,Poland
512,Bobbie,Oxer,,184-48-9444,M,64,boxere7@ucla.edu,Indonesia
513,Gilbertina,Giottoi,,898-93-2684,F,63,ggiottoie8@goo.ne.jp,China
514,Ruthanne,Pandey,,629-09-6218,F,66,rpandeye9@noaa.gov,Nigeria
515,Enoch,Tebald,LI2847845,199-40-4858,M,51,etebaldea@unblog.fr,Russia
516,Kelsy,Haggis,KE9507341,,F,60,khaggiseb@mozilla.com,South Korea
517,Schuyler,Moorcraft,XH8232088,312-21-7223,M,53,smoorcraftec@behance.net,Philippines
518,Angelia,Outhwaite,GP6683015,662-01-7201,F,54,aouthwaiteed@ihg.com,Indonesia
519,Ahmad,Denness,IZ2471558,815-78-8086,M,32,adennessee@mail.ru,Indonesia
520,Alleen,Gagg,ZT4735066,408-40-4403,F,64,agaggef@seesaa.net,Poland
521,Si,Veryan,,,M,62,sveryaneg@godaddy.com,France
522,Shurlock,Whitmore,,,M,62,swhitmoreeh@deliciousdays.com,China
523,Jennilee,Cumberland,UP9558801,711-97-3324,F,68,jcumberlandei@ameblo.jp,China
524,Boy,Vasilyevski,,825-91-6701,M,48,bvasilyevskiej@shop-pro.jp,China
525,Agace,Alexis,EG9894163,,F,67,aalexisek@facebook.com,Philippines
526,Yevette,Spivey,BU0834609,704-69-8755,F,57,yspiveyel@slashdot.org,China
527,Marita,Janew,,638-31-9110,F,63,mjanewem@ucsd.edu,Philippines
528,Trish,Jurries,HN6622287,603-15-7723,F,62,tjurriesen@tuttocitta.it,Philippines
529,Jada,Uff,BY5084996,,F,60,juffeo@acquirethisname.com,New Zealand
530,Stevena,Paulig,QG9583899,897-28-8408,F,60,spauligep@ftc.gov,Philippines
531,Gardener,Gilhooly,SJ0357162,612-44-8220,M,35,ggilhoolyeq@discuz.net,Tanzania
532,Rex,Kealey,,715-07-8910,M,56,rkealeyer@plala.or.jp,China
533,Brose,Friar,HB3293873,550-52-4822,M,65,bfriares@stanford.edu,Sweden
534,Ardyth,Tethcote,PY2475414,330-74-1279,F,57,atethcoteet@shop-pro.jp,Philippines
535,Nicolette,Stratiff,AX5559245,848-11-4276,F,49,nstratiffeu@twitpic.com,Brazil
536,Vernor,Revitt,,146-12-1987,M,57,vrevittev@freewebs.com,China
537,Adolphe,Pickering,QB1832794,,M,60,apickeringew@census.gov,Poland
538,Maggi,Duer,ID7154325,233-61-4569,F,52,mduerex@shutterfly.com,Indonesia
539,Garald,Skayman,KQ5576759,725-09-9392,M,62,gskaymaney@printfriendly.com,Indonesia
540,Cathyleen,Arter,,698-35-7947,F,64,carterez@amazon.com,Sweden
541,Vernice,Flarity,MX7975256,241-71-7458,F,48,vflarityf0@dmoz.org,China
542,Donavon,Dellenbach,UB9767179,767-93-5633,M,46,ddellenbachf1@dailymail.co.uk,South Africa
543,Mic,Kingsman,,,M,63,mkingsmanf2@whitehouse.gov,Honduras
544,Reese,Di Pietro,EN1866708,665-52-5930,M,64,rdipietrof3@nymag.com,Nigeria
545,Lenka,O'Driscoll,UZ9973520,,F,59,lodriscollf4@hubpages.com,China
546,Ernestine,MacGow,,260-03-9073,F,67,emacgowf5@mashable.com,Indonesia
547,Jethro,Shearwood,JS4852992,621-91-0377,M,61,jshearwoodf6@google.com.hk,Czech Republic
548,Blinni,Zammett,,353-61-3359,F,67,bzammettf7@netvibes.com,Peru
549,Miller,Di Giorgio,EO9376980,532-44-8227,M,69,mdigiorgiof8@cargocollective.com,Serbia
550,Grantley,Hoggin,VJ0156150,164-89-4211,M,50,ghogginf9@vinaora.com,Philippines
551,Aurie,Laboune,,,F,32,alabounefa@europa.eu,Belarus
552,Valencia,Grumell,RT6033930,617-10-3072,F,67,vgrumellfb@nydailynews.com,Russia
553,Benetta,Wolfart,SC2467959,716-04-2386,F,41,bwolfartfc@360.cn,Mongolia
554,Pammie,Trubshawe,,764-36-9690,F,63,ptrubshawefd@berkeley.edu,China
555,Kent,Baukham,,378-57-3886,M,60,kbaukhamfe@tumblr.com,Serbia
556,Kerry,Allam,OC5894252,361-65-4959,F,63,kallamff@photobucket.com,Uganda
557,Ferd,Tickner,,229-96-9502,M,52,fticknerfg@seesaa.net,Philippines
558,Emmerich,Petrovic,PM1340432,725-23-9077,M,58,epetrovicfh@slate.com,Indonesia
559,Jenda,Ferrillo,,117-20-0985,F,64,jferrillofi@hatena.ne.jp,Sierra Leone
560,Boone,Trudgion,,357-02-4725,M,61,btrudgionfj@guardian.co.uk,China
561,Adelaida,Brute,SB3376932,,F,54,abrutefk@mediafire.com,Ukraine
562,Gael,Claricoats,KN9139326,767-77-2931,F,60,gclaricoatsfl@china.com.cn,Philippines
563,Sophia,Bathowe,,482-79-2666,F,64,sbathowefm@bloglines.com,China
564,Siffre,Will,IH3068612,721-98-5765,M,47,swillfn@devhub.com,Indonesia
565,Meredithe,Ferrettino,DC3147847,454-07-9190,F,65,mferrettinofo@cbsnews.com,Russia
566,Brennan,Bleiman,CX7877791,,M,41,bbleimanfp@foxnews.com,Yemen
567,Agosto,Frounks,PB8272660,540-16-2336,M,63,afrounksfq@php.net,Mexico
568,Franchot,Dencs,YK8544591,430-12-7705,M,68,fdencsfr@state.tx.us,China
569,Gael,Aujouanet,,,M,55,gaujouanetfs@qq.com,China
570,Ted,Meere,WZ3277283,498-54-7891,M,29,tmeereft@amazon.de,Peru
571,Patty,Casterton,,,M,53,pcastertonfu@google.es,Mexico
572,Jinny,Frain,,321-76-4498,F,49,jfrainfv@over-blog.com,Russia
573,Bobine,Gally,,699-41-4284,F,60,bgallyfw@people.com.cn,Argentina
574,Tine,Orta,TD6673647,505-44-5194,F,63,tortafx@nsw.gov.au,Indonesia
575,Davide,Rodliff,NR4859569,615-68-1074,M,52,drodlifffy@tinypic.com,Colombia
576,Gordan,Bravington,JA9322220,397-77-4150,M,61,gbravingtonfz@topsy.com,United States
577,Danice,Bresnahan,HR4666601,549-60-5453,F,33,dbresnahang0@godaddy.com,Sweden
578,Theodore,Cogman,IH1322237,132-16-5480,M,22,tcogmang1@prnewswire.com,Italy
579,Madelina,Flea,ZR8791587,343-41-9155,F,42,mfleag2@ameblo.jp,Philippines
580,Griff,Mitton,GC2497287,642-72-2349,M,49,gmittong3@wsj.com,Russia
581,Reine,Tremaine,IN3845762,372-05-5830,F,54,rtremaineg4@wired.com,Madagascar
582,Sharon,Turvey,,434-59-0076,F,50,sturveyg5@cafepress.com,Brazil
583,Emmott,Sudron,,880-51-8321,M,37,esudrong6@barnesandnoble.com,United States
584,Heindrick,Ambrosio,WL1995914,859-33-6740,M,63,hambrosiog7@theglobeandmail.com,Russia
585,Dorita,Menego,FI2400673,885-64-5301,F,40,dmenegog8@intel.com,Russia
586,Kingsley,Uzielli,FG0798858,,M,46,kuziellig9@ow.ly,France
587,Otha,Brimilcombe,,155-62-0260,F,68,obrimilcombega@alibaba.com,Indonesia
588,Carita,Wyss,JG6306862,236-11-3046,F,24,cwyssgb@flavors.me,Indonesia
589,Wilbur,Pechan,NA9980864,388-07-0204,M,64,wpechangc@desdev.cn,Indonesia
590,Jaquith,Gerwood,WG9955910,,F,60,jgerwoodgd@sbwire.com,Germany
591,Kamila,Daysh,TJ7928451,856-80-8776,F,68,kdayshge@xinhuanet.com,Netherlands
592,Etienne,Lyness,TV7210496,796-23-8695,M,69,elynessgf@networksolutions.com,Argentina
593,Karlie,Malinowski,,727-96-8213,F,68,kmalinowskigg@engadget.com,United States
594,Jacki,Descroix,NS1612304,,F,67,jdescroixgh@wufoo.com,China
595,Myrilla,Kener,,867-30-8718,F,62,mkenergi@wp.com,China
596,Sapphira,Harg,QD0319438,361-07-2253,F,58,sharggj@ca.gov,Indonesia
597,Leila,Varndall,CN8474520,664-89-7775,F,68,lvarndallgk@answers.com,China
598,Vanni,Jeroch,,773-83-6596,F,68,vjerochgl@shinystat.com,Peru
599,Kacy,Clooney,KU2184795,545-64-5364,F,61,kclooneygm@google.com.au,Moldova
600,Zechariah,Glossop,GL4785648,,M,53,zglossopgn@wikimedia.org,China
